date,iso,region,city,place_type,cases,deaths,recovered
2020-04-26,CO-BOL,Bolívar,,departamento,226,20,62
2020-04-27,CO-BOL,Bolívar,,departamento,240,22,64
2020-04-28,CO-BOL,Bolívar,,departamento,244,22,72
2020-04-29,CO-BOL,Bolívar,,departamento,257,24,72
2020-04-30,CO-BOL,Bolívar,,departamento,268,24,76
2020-05-01,CO-BOL,Bolívar,,departamento,294,25,79
2020-05-02,CO-BOL,Bolívar,,departamento,308,26,87
2020-05-03,CO-BOL,Bolívar,,departamento,334,26,97
2020-05-04,CO-BOL,Bolívar,,departamento,353,29,100
2020-05-05,CO-BOL,Bolívar,,departamento,373,33,121
2020-05-06,CO-BOL,Bolívar,,departamento,405,35,126
2020-05-07,CO-BOL,Bolívar,,departamento,430,38,127
2020-05-08,CO-BOL,Bolívar,,departamento,435,38,130
2020-05-09,CO-BOL,Bolívar,,departamento,536,42,132
2020-05-10,CO-BOL,Bolívar,,departamento,582,44,133
2020-05-11,CO-BOL,Bolívar,,departamento,679,45,141
2020-05-12,CO-BOL,Bolívar,,departamento,742,50,149
2020-05-13,CO-BOL,Bolívar,,departamento,824,51,159
2020-05-14,CO-BOL,Bolívar,,departamento,936,55,164
2020-05-15,CO-BOL,Bolívar,,departamento,1051,59,171
2020-05-16,CO-BOL,Bolívar,,departamento,1146,65,171
2020-05-17,CO-BOL,Bolívar,,departamento,1273,68,171
2020-05-18,CO-BOL,Bolívar,,departamento,1343,71,193
2020-05-19,CO-BOL,Bolívar,,departamento,1492,73,203
2020-05-20,CO-BOL,Bolívar,,departamento,1576,77,221
2020-05-21,CO-BOL,Bolívar,,departamento,1665,85,231
2020-05-22,CO-BOL,Bolívar,,departamento,1796,92,245
2020-05-23,CO-BOL,Bolívar,,departamento,1840,97,246
2020-05-24,CO-BOL,Bolívar,,departamento,2018,102,274
2020-05-25,CO-BOL,Bolívar,,departamento,2267,105,303
2020-05-26,CO-BOL,Bolívar,,departamento,2305,108,323
2020-05-27,CO-BOL,Bolívar,,departamento,2378,114,354
2020-05-28,CO-BOL,Bolívar,,departamento,2516,123,361
2020-05-29,CO-BOL,Bolívar,,departamento,2662,131,406
2020-05-30,CO-BOL,Bolívar,,departamento,2845,137,432
2020-05-31,CO-BOL,Bolívar,,departamento,3042,140,478
2020-06-01,CO-BOL,Bolívar,,departamento,3192,148,525
2020-06-02,CO-BOL,Bolívar,,departamento,3270,152,611
2020-06-03,CO-BOL,Bolívar,,departamento,3364,156,717
2020-06-04,CO-BOL,Bolívar,,departamento,3571,161,841
2020-06-05,CO-BOL,Bolívar,,departamento,3715,165,954
2020-06-06,CO-BOL,Bolívar,,departamento,3858,170,1011
2020-06-07,CO-BOL,Bolívar,,departamento,3969,171,1104
2020-06-08,CO-BOL,Bolívar,,departamento,4221,177,1221
2020-06-09,CO-BOL,Bolívar,,departamento,4221,177,1221
2020-06-10,CO-BOL,Bolívar,,departamento,4364,187,1364
2020-06-11,CO-BOL,Bolívar,,departamento,4484,196,1452
2020-06-12,CO-BOL,Bolívar,,departamento,4484,196,1452
2020-06-13,CO-BOL,Bolívar,,departamento,4755,202,1577
2020-06-14,CO-BOL,Bolívar,,departamento,4905,204,1613
2020-06-15,CO-BOL,Bolívar,,departamento,5146,211,1668
2020-06-16,CO-BOL,Bolívar,,departamento,5256,217,1685
2020-06-17,CO-BOL,Bolívar,,departamento,5423,220,1748
2020-06-18,CO-BOL,Bolívar,,departamento,5550,229,1893
2020-06-19,CO-BOL,Bolívar,,departamento,5842,236,2122
2020-06-20,CO-BOL,Bolívar,,departamento,6246,246,2290
2020-06-21,CO-BOL,Bolívar,,departamento,6487,253,2508
2020-06-22,CO-BOL,Bolívar,,departamento,6753,262,2814
2020-06-23,CO-BOL,Bolívar,,departamento,7067,269,2970
2020-06-24,CO-BOL,Bolívar,,departamento,7237,271,3173
2020-06-25,CO-BOL,Bolívar,,departamento,7473,280,3285
2020-06-26,CO-BOL,Bolívar,,departamento,7852,297,3548
2020-06-27,CO-BOL,Bolívar,,departamento,8138,310,3759
2020-06-28,CO-BOL,Bolívar,,departamento,8560,320,3909
2020-06-29,CO-BOL,Bolívar,,departamento,8792,342,4134
2020-06-30,CO-BOL,Bolívar,,departamento,8792,342,4134
2020-07-01,CO-BOL,Bolívar,,departamento,9116,365,4530
2020-07-02,CO-BOL,Bolívar,,departamento,9392,373,4640
2020-07-03,CO-BOL,Bolívar,,departamento,9629,387,4747
2020-07-04,CO-BOL,Bolívar,,departamento,9854,394,4818
2020-07-05,CO-BOL,Bolívar,,departamento,10134,401,5033
2020-07-06,CO-BOL,Bolívar,,departamento,10494,406,5185
2020-07-07,CO-BOL,Bolívar,,departamento,10723,411,5507
2020-07-08,CO-BOL,Bolívar,,departamento,10945,417,5641
2020-07-09,CO-BOL,Bolívar,,departamento,11254,427,5869
2020-07-10,CO-BOL,Bolívar,,departamento,11459,430,6104
2020-07-11,CO-BOL,Bolívar,,departamento,11733,432,6358
2020-07-12,CO-BOL,Bolívar,,departamento,11913,440,6594
2020-07-13,CO-BOL,Bolívar,,departamento,12206,447,6845
2020-07-14,CO-BOL,Bolívar,,departamento,12346,453,7068
2020-07-15,CO-BOL,Bolívar,,departamento,12596,456,7300
2020-07-16,CO-BOL,Bolívar,,departamento,12845,460,7596
2020-07-17,CO-BOL,Bolívar,,departamento,13631,476,7986
2020-07-18,CO-BOL,Bolívar,,departamento,14172,495,8452
2020-07-19,CO-BOL,Bolívar,,departamento,14754,499,8952
2020-07-20,CO-BOL,Bolívar,,departamento,14972,502,9507
2020-07-21,CO-BOL,Bolívar,,departamento,15509,506,9792
2020-07-22,CO-BOL,Bolívar,,departamento,15509,509,10025
2020-07-23,CO-BOL,Bolívar,,departamento,15714,516,10249
2020-07-24,CO-BOL,Bolívar,,departamento,15943,520,10720
2020-07-25,CO-BOL,Bolívar,,departamento,16118,528,10947
2020-07-26,CO-BOL,Bolívar,,departamento,16286,533,11351
2020-07-27,CO-BOL,Bolívar,,departamento,16695,540,11732
2020-07-28,CO-BOL,Bolívar,,departamento,16883,551,12090
2020-07-29,CO-BOL,Bolívar,,departamento,17363,555,12333
2020-07-30,CO-BOL,Bolívar,,departamento,17621,571,12690
2020-07-31,CO-BOL,Bolívar,,departamento,17906,588,13077
2020-08-01,CO-BOL,Bolívar,,departamento,18240,590,13343
2020-08-02,CO-BOL,Bolívar,,departamento,18587,595,13655
2020-08-03,CO-BOL,Bolívar,,departamento,18861,596,13876
2020-08-04,CO-BOL,Bolívar,,departamento,19209,603,14151
2020-08-05,CO-BOL,Bolívar,,departamento,19306,605,14448
2020-08-06,CO-BOL,Bolívar,,departamento,19548,607,14708
2020-08-07,CO-BOL,Bolívar,,departamento,19657,612,15048
2020-08-08,CO-BOL,Bolívar,,departamento,19901,616,15346
2020-08-09,CO-BOL,Bolívar,,departamento,20072,619,15666
2020-08-10,CO-BOL,Bolívar,,departamento,20276,623,15992
2020-08-11,CO-BOL,Bolívar,,departamento,20456,630,16264
2020-08-12,CO-BOL,Bolívar,,departamento,20705,630,16428
2020-08-13,CO-BOL,Bolívar,,departamento,20925,635,16679
2020-08-14,CO-BOL,Bolívar,,departamento,21090,637,16868
2020-08-15,CO-BOL,Bolívar,,departamento,21325,642,17262
2020-08-16,CO-BOL,Bolívar,,departamento,21593,644,17697
2020-08-17,CO-BOL,Bolívar,,departamento,21775,644,17947
2020-08-18,CO-BOL,Bolívar,,departamento,21865,644,18225
2020-08-19,CO-BOL,Bolívar,,departamento,22244,648,18442
2020-08-20,CO-BOL,Bolívar,,departamento,22485,651,18752
2020-08-21,CO-BOL,Bolívar,,departamento,22615,656,19242
2020-08-22,CO-BOL,Bolívar,,departamento,22738,657,19435
2020-08-23,CO-BOL,Bolívar,,departamento,23344,663,19642
2020-08-24,CO-BOL,Bolívar,,departamento,23471,679,20214
2020-08-25,CO-BOL,Bolívar,,departamento,23694,682,20523
2020-08-26,CO-BOL,Bolívar,,departamento,24158,685,20766
2020-08-27,CO-BOL,Bolívar,,departamento,24376,688,21051
2020-08-28,CO-BOL,Bolívar,,departamento,24685,692,21578
2020-08-29,CO-BOL,Bolívar,,departamento,24804,695,21710
2020-08-30,CO-BOL,Bolívar,,departamento,25012,699,21825
2020-08-31,CO-BOL,Bolívar,,departamento,25147,701,22017
2020-09-01,CO-BOL,Bolívar,,departamento,25267,702,22292
2020-09-02,CO-BOL,Bolívar,,departamento,25454,711,22401
2020-09-03,CO-BOL,Bolívar,,departamento,25530,716,22504
2020-09-04,CO-BOL,Bolívar,,departamento,25614,721,22822
2020-09-05,CO-BOL,Bolívar,,departamento,25723,723,23071
2020-09-06,CO-BOL,Bolívar,,departamento,25831,726,23360
2020-09-07,CO-BOL,Bolívar,,departamento,25967,726,23663
2020-09-08,CO-BOL,Bolívar,,departamento,26015,728,23952
2020-09-09,CO-BOL,Bolívar,,departamento,26110,731,24171
2020-09-10,CO-BOL,Bolívar,,departamento,26244,731,24295
2020-09-11,CO-BOL,Bolívar,,departamento,26658,735,24547
2020-09-12,CO-BOL,Bolívar,,departamento,26786,735,24671
2020-09-16,CO-BOL,Bolívar,,departamento,27551,750,25010
2020-09-17,CO-BOL,Bolívar,,departamento,27669,750,25037
2020-09-18,CO-BOL,Bolívar,,departamento,27800,752,25162
2020-09-19,CO-BOL,Bolívar,,departamento,27875,752,25225
2020-09-20,CO-BOL,Bolívar,,departamento,27972,754,25630
2020-09-21,CO-BOL,Bolívar,,departamento,28027,754,25794
2020-09-22,CO-BOL,Bolívar,,departamento,28062,758,25895
2020-09-23,CO-BOL,Bolívar,,departamento,28274,759,26130
2020-09-24,CO-BOL,Bolívar,,departamento,28304,761,26413
2020-09-25,CO-BOL,Bolívar,,departamento,28374,763,26609
2020-09-26,CO-BOL,Bolívar,,departamento,28475,764,26747
2020-09-27,CO-BOL,Bolívar,,departamento,28523,765,26841
2020-09-28,CO-BOL,Bolívar,,departamento,28590,766,27088
2020-09-29,CO-BOL,Bolívar,,departamento,28655,766,27228
2020-09-30,CO-BOL,Bolívar,,departamento,28810,770,27386
2020-10-01,CO-BOL,Bolívar,,departamento,28875,777,27575
2020-10-02,CO-BOL,Bolívar,,departamento,29137,776,27633
2020-10-03,CO-BOL,Bolívar,,departamento,29305,780,27856
2020-10-04,CO-BOL,Bolívar,,departamento,29376,783,27914
2020-10-05,CO-BOL,Bolívar,,departamento,29458,786,28027
2020-10-06,CO-BOL,Bolívar,,departamento,29737,787,28027
2020-10-07,CO-BOL,Bolívar,,departamento,29986,789,28064
2020-10-08,CO-BOL,Bolívar,,departamento,30118,793,28254
2020-10-09,CO-BOL,Bolívar,,departamento,30413,795,28286
2020-10-10,CO-BOL,Bolívar,,departamento,30413,801,28364
2020-10-11,CO-BOL,Bolívar,,departamento,30540,801,28439
2020-10-12,CO-BOL,Bolívar,,departamento,30665,802,28612
2020-10-13,CO-BOL,Bolívar,,departamento,30785,804,28824
2020-10-14,CO-BOL,Bolívar,,departamento,30832,805,28961
2020-10-15,CO-BOL,Bolívar,,departamento,30966,808,29133
2020-10-16,CO-BOL,Bolívar,,departamento,31009,811,29296
2020-10-17,CO-BOL,Bolívar,,departamento,31122,813,29409
2020-10-18,CO-BOL,Bolívar,,departamento,31210,816,29559
2020-10-19,CO-BOL,Bolívar,,departamento,31338,817,29790
2020-10-20,CO-BOL,Bolívar,,departamento,31554,819,29933
2020-10-21,CO-BOL,Bolívar,,departamento,31554,820,30052
2020-10-22,CO-BOL,Bolívar,,departamento,31708,821,30169
2020-10-23,CO-BOL,Bolívar,,departamento,31708,823,30285
2020-10-24,CO-BOL,Bolívar,,departamento,31842,829,30382
2020-10-25,CO-BOL,Bolívar,,departamento,31906,830,30463
2020-10-26,CO-BOL,Bolívar,,departamento,32004,830,30531
2020-10-27,CO-BOL,Bolívar,,departamento,32223,833,30633
2020-10-28,CO-BOL,Bolívar,,departamento,32302,836,30824
2020-10-29,CO-BOL,Bolívar,,departamento,32428,839,30927
2020-10-30,CO-BOL,Bolívar,,departamento,32428,839,30927
2020-10-31,CO-BOL,Bolívar,,departamento,32741,842,31097
2020-11-01,CO-BOL,Bolívar,,departamento,33019,846,31211
2020-11-02,CO-BOL,Bolívar,,departamento,33178,846,31487
2020-11-03,CO-BOL,Bolívar,,departamento,33424,850,31598
2020-11-04,CO-BOL,Bolívar,,departamento,33476,851,31864
2020-11-05,CO-BOL,Bolívar,,departamento,33651,854,31925
2020-11-06,CO-BOL,Bolívar,,departamento,33776,854,32042
2020-11-07,CO-BOL,Bolívar,,departamento,33863,856,32202
2020-11-08,CO-BOL,Bolívar,,departamento,34001,859,32321
2020-11-09,CO-BOL,Bolívar,,departamento,34055,863,32455
2020-11-10,CO-BOL,Bolívar,,departamento,34142,864,32612
2020-11-11,CO-BOL,Bolívar,,departamento,34241,866,32722
2020-11-12,CO-BOL,Bolívar,,departamento,34379,868,32849
2020-11-13,CO-BOL,Bolívar,,departamento,34490,870,33010
2020-11-14,CO-BOL,Bolívar,,departamento,34759,873,33101
2020-11-15,CO-BOL,Bolívar,,departamento,34845,873,33348
2020-11-16,CO-BOL,Bolívar,,departamento,35025,875,33456
2020-11-17,CO-BOL,Bolívar,,departamento,35200,877,33632
2020-11-18,CO-BOL,Bolívar,,departamento,35265,879,33802
2020-11-19,CO-BOL,Bolívar,,departamento,35416,882,33868
2020-11-20,CO-BOL,Bolívar,,departamento,35502,884,33982
2020-11-21,CO-BOL,Bolívar,,departamento,35606,884,34078
2020-11-22,CO-BOL,Bolívar,,departamento,35886,886,34180
2020-11-23,CO-BOL,Bolívar,,departamento,36044,886,34408
2020-11-24,CO-BOL,Bolívar,,departamento,36242,889,34571
2020-11-25,CO-BOL,Bolívar,,departamento,36450,893,34760
2020-11-26,CO-BOL,Bolívar,,departamento,36733,899,34898
2020-11-27,CO-BOL,Bolívar,,departamento,37017,900,35051
2020-11-28,CO-BOL,Bolívar,,departamento,37332,903,35181
2020-11-29,CO-BOL,Bolívar,,departamento,37722,903,35405
2020-11-30,CO-BOL,Bolívar,,departamento,38008,909,35813
2020-12-01,CO-BOL,Bolívar,,departamento,38451,911,36023
2020-12-02,CO-BOL,Bolívar,,departamento,38692,914,36424
2020-12-03,CO-BOL,Bolívar,,departamento,39173,919,36631
2020-12-04,CO-BOL,Bolívar,,departamento,39538,921,37059
2020-12-05,CO-BOL,Bolívar,,departamento,40011,927,37359
2020-12-06,CO-BOL,Bolívar,,departamento,40300,933,37696
2020-12-07,CO-BOL,Bolívar,,departamento,40912,937,38067
2020-12-08,CO-BOL,Bolívar,,departamento,41090,942,38585
2020-12-09,CO-BOL,Bolívar,,departamento,41309,946,38969
2020-12-10,CO-BOL,Bolívar,,departamento,41699,951,39285
2020-12-11,CO-BOL,Bolívar,,departamento,42157,956,39686
2020-12-12,CO-BOL,Bolívar,,departamento,42536,959,40071
2020-12-13,CO-BOL,Bolívar,,departamento,42717,970,40277
2020-12-14,CO-BOL,Bolívar,,departamento,42992,976,40416
2020-12-15,CO-BOL,Bolívar,,departamento,43301,981,40697
2020-12-16,CO-BOL,Bolívar,,departamento,43682,983,40970
2020-12-17,CO-BOL,Bolívar,,departamento,44088,988,41412
2020-12-18,CO-BOL,Bolívar,,departamento,44640,994,41742
2020-12-19,CO-BOL,Bolívar,,departamento,45346,999,42277
2020-12-20,CO-BOL,Bolívar,,departamento,46140,1004,42883
2020-12-21,CO-BOL,Bolívar,,departamento,46763,1005,43679
2020-12-22,CO-BOL,Bolívar,,departamento,47303,1009,44357
2020-12-23,CO-BOL,Bolívar,,departamento,48090,1013,44827
2020-12-24,CO-BOL,Bolívar,,departamento,48381,1020,45528
2020-12-25,CO-BOL,Bolívar,,departamento,49046,1025,45950
2020-12-26,CO-BOL,Bolívar,,departamento,49622,1030,46535
2020-12-27,CO-BOL,Bolívar,,departamento,50206,1035,47037
2020-12-28,CO-BOL,Bolívar,,departamento,50442,1048,47699
2020-12-29,CO-BOL,Bolívar,,departamento,50908,1058,48075
2020-12-30,CO-BOL,Bolívar,,departamento,51140,1067,48469
2020-12-31,CO-BOL,Bolívar,,departamento,51431,1080,48876
2021-01-01,CO-BOL,Bolívar,,departamento,51799,1092,49102
2021-01-02,CO-BOL,Bolívar,,departamento,51799,1092,49102
2021-01-04,CO-BOL,Bolívar,,departamento,52708,1128,50075
2021-01-05,CO-BOL,Bolívar,,departamento,52891,1129,50484
2021-01-06,CO-BOL,Bolívar,,departamento,53694,1132,50687
2021-01-07,CO-BOL,Bolívar,,departamento,54133,1135,50847
2021-01-08,CO-BOL,Bolívar,,departamento,54466,1142,51197
2021-01-09,CO-BOL,Bolívar,,departamento,54908,1153,51923
2021-01-10,CO-BOL,Bolívar,,departamento,55186,1159,52331
2021-01-11,CO-BOL,Bolívar,,departamento,55628,1162,52637
2021-01-12,CO-BOL,Bolívar,,departamento,56125,1169,53046
2021-01-13,CO-BOL,Bolívar,,departamento,56785,1174,53570
2021-01-14,CO-BOL,Bolívar,,departamento,57345,1177,54479
2021-01-15,CO-BOL,Bolívar,,departamento,57696,1185,54847
2021-01-16,CO-BOL,Bolívar,,departamento,58046,1189,55150
2021-01-17,CO-BOL,Bolívar,,departamento,58743,1189,55380
2021-01-18,CO-BOL,Bolívar,,departamento,59228,1192,55600
2021-01-19,CO-BOL,Bolívar,,departamento,59488,1193,56205
2021-01-20,CO-BOL,Bolívar,,departamento,59836,1202,56643
2021-01-21,CO-BOL,Bolívar,,departamento,60479,1207,56950
2021-01-22,CO-BOL,Bolívar,,departamento,60896,1218,57766
2021-01-23,CO-BOL,Bolívar,,departamento,61049,1221,58107
2021-01-24,CO-BOL,Bolívar,,departamento,61411,1227,58105
2021-01-25,CO-BOL,Bolívar,,departamento,61627,1236,58265
2021-01-26,CO-BOL,Bolívar,,departamento,61887,1241,58723
2021-01-27,CO-BOL,Bolívar,,departamento,62132,1244,59502
2021-01-28,CO-BOL,Bolívar,,departamento,62598,1249,59772
2021-01-29,CO-BOL,Bolívar,,departamento,62964,1254,60247
2021-01-30,CO-BOL,Bolívar,,departamento,63212,1262,60670
2021-01-31,CO-BOL,Bolívar,,departamento,63425,1267,60930
2021-02-01,CO-BOL,Bolívar,,departamento,63506,1272,61161
2021-02-02,CO-BOL,Bolívar,,departamento,63691,1275,61300
2021-02-03,CO-BOL,Bolívar,,departamento,63904,1282,61576
2021-02-04,CO-BOL,Bolívar,,departamento,64322,1288,61872
2021-02-05,CO-BOL,Bolívar,,departamento,64458,1294,62173
2021-02-06,CO-BOL,Bolívar,,departamento,64626,1296,62348
2021-02-07,CO-BOL,Bolívar,,departamento,64751,1302,62575
2021-02-08,CO-BOL,Bolívar,,departamento,64971,1306,62596
2021-02-09,CO-BOL,Bolívar,,departamento,65088,1308,62865
2021-02-10,CO-BOL,Bolívar,,departamento,65189,1311,63123
2021-02-11,CO-BOL,Bolívar,,departamento,65414,1315,63261
2021-02-12,CO-BOL,Bolívar,,departamento,65573,1319,63480
2021-02-13,CO-BOL,Bolívar,,departamento,65655,1321,63607
2021-02-14,CO-BOL,Bolívar,,departamento,65819,1325,63708
2021-02-15,CO-BOL,Bolívar,,departamento,65927,1327,63837
2021-02-16,CO-BOL,Bolívar,,departamento,65985,1329,63954
2021-02-17,CO-BOL,Bolívar,,departamento,66024,1331,64025
2021-02-18,CO-BOL,Bolívar,,departamento,66041,1331,64079
2021-02-19,CO-BOL,Bolívar,,departamento,66159,1335,64131
2021-02-20,CO-BOL,Bolívar,,departamento,66237,1339,64235
2021-02-21,CO-BOL,Bolívar,,departamento,66319,1340,64333
2021-02-22,CO-BOL,Bolívar,,departamento,66379,1342,64418
2021-02-23,CO-BOL,Bolívar,,departamento,66408,1345,64478
2021-02-24,CO-BOL,Bolívar,,departamento,66451,1346,64541
2021-02-25,CO-BOL,Bolívar,,departamento,66507,1346,64587
2021-02-26,CO-BOL,Bolívar,,departamento,66566,1346,64646
2021-02-27,CO-BOL,Bolívar,,departamento,66618,1346,64679
2021-02-28,CO-BOL,Bolívar,,departamento,66654,1349,64701
2021-03-01,CO-BOL,Bolívar,,departamento,66709,1354,64732
2021-03-02,CO-BOL,Bolívar,,departamento,66780,1354,64773
2021-03-03,CO-BOL,Bolívar,,departamento,66916,1356,64857
2021-03-04,CO-BOL,Bolívar,,departamento,67035,1359,65016
2021-03-05,CO-BOL,Bolívar,,departamento,67131,1359,65157
2021-03-06,CO-BOL,Bolívar,,departamento,67207,1362,65223
2021-03-07,CO-BOL,Bolívar,,departamento,67325,1363,65316
2021-03-08,CO-BOL,Bolívar,,departamento,67432,1366,65442
2021-03-09,CO-BOL,Bolívar,,departamento,67483,1366,65561
2021-03-10,CO-BOL,Bolívar,,departamento,67569,1367,65601
2021-03-11,CO-BOL,Bolívar,,departamento,67668,1370,65704
2021-03-12,CO-BOL,Bolívar,,departamento,67753,1370,65816
2021-03-13,CO-BOL,Bolívar,,departamento,67822,1370,65894
2021-03-14,CO-BOL,Bolívar,,departamento,67904,1373,65975
2021-03-15,CO-BOL,Bolívar,,departamento,67998,1373,66072
2021-03-16,CO-BOL,Bolívar,,departamento,68053,1374,66168
2021-03-17,CO-BOL,Bolívar,,departamento,68111,1377,66228
2021-03-18,CO-BOL,Bolívar,,departamento,68198,1378,66303
2021-03-19,CO-BOL,Bolívar,,departamento,68282,1378,66394
2021-03-20,CO-BOL,Bolívar,,departamento,68359,1381,66466
2021-03-21,CO-BOL,Bolívar,,departamento,68412,1386,66537
2021-03-22,CO-BOL,Bolívar,,departamento,68523,1388,66568
2021-03-23,CO-BOL,Bolívar,,departamento,68585,1391,66666
2021-03-24,CO-BOL,Bolívar,,departamento,68649,1391,66733
2021-03-25,CO-BOL,Bolívar,,departamento,68762,1392,66790
2021-03-26,CO-BOL,Bolívar,,departamento,68913,1392,66899
2021-03-27,CO-BOL,Bolívar,,departamento,69000,1392,67026
2021-03-28,CO-BOL,Bolívar,,departamento,69178,1394,67113
2021-03-29,CO-BOL,Bolívar,,departamento,69178,1394,67113
2021-03-30,CO-BOL,Bolívar,,departamento,69374,1403,67363
2021-03-31,CO-BOL,Bolívar,,departamento,69374,1403,67363
2021-04-01,CO-BOL,Bolívar,,departamento,69374,1403,67363
2021-04-02,CO-BOL,Bolívar,,departamento,69780,1411,67664
2021-04-03,CO-BOL,Bolívar,,departamento,69780,1411,67664
2021-04-04,CO-BOL,Bolívar,,departamento,69780,1411,67664
2021-04-05,CO-BOL,Bolívar,,departamento,69780,1411,67664
2021-04-06,CO-BOL,Bolívar,,departamento,69780,1411,67664
2021-04-07,CO-BOL,Bolívar,,departamento,69780,1411,67664
2021-04-08,CO-BOL,Bolívar,,departamento,69780,1411,67664
2021-04-09,CO-BOL,Bolívar,,departamento,70992,1421,68759
2021-04-10,CO-BOL,Bolívar,,departamento,71140,1422,68884
2021-04-11,CO-BOL,Bolívar,,departamento,71338,1427,69002
2021-04-12,CO-BOL,Bolívar,,departamento,71674,1431,69140
2021-04-13,CO-BOL,Bolívar,,departamento,72034,1438,69387
2021-04-14,CO-BOL,Bolívar,,departamento,72453,1440,69682
2021-04-15,CO-BOL,Bolívar,,departamento,72888,1443,70048
2021-04-16,CO-BOL,Bolívar,,departamento,73286,1448,70433
2021-04-17,CO-BOL,Bolívar,,departamento,73641,1451,70632
2021-04-18,CO-BOL,Bolívar,,departamento,74095,1458,70866
2021-04-19,CO-BOL,Bolívar,,departamento,74538,1466,71168
2021-04-20,CO-BOL,Bolívar,,departamento,75058,1472,71746
2021-04-21,CO-BOL,Bolívar,,departamento,75632,1480,72288
2021-04-22,CO-BOL,Bolívar,,departamento,75949,1487,72917
2021-04-23,CO-BOL,Bolívar,,departamento,75949,1487,72917
2021-04-24,CO-BOL,Bolívar,,departamento,76785,1499,73685
2021-04-25,CO-BOL,Bolívar,,departamento,77391,1507,74154
2021-04-26,CO-BOL,Bolívar,,departamento,77795,1513,74691
2021-04-27,CO-BOL,Bolívar,,departamento,77993,1525,74960
2021-04-28,CO-BOL,Bolívar,,departamento,78552,1534,75236
2021-04-29,CO-BOL,Bolívar,,departamento,79173,1540,75824
2021-04-30,CO-BOL,Bolívar,,departamento,79173,1540,75824
2021-05-01,CO-BOL,Bolívar,,departamento,80487,1558,76984
2021-05-02,CO-BOL,Bolívar,,departamento,81104,1564,77556
2021-05-03,CO-BOL,Bolívar,,departamento,81881,1576,78055
2021-05-04,CO-BOL,Bolívar,,departamento,82352,1594,78915
2021-05-05,CO-BOL,Bolívar,,departamento,82352,1594,78915
2021-05-06,CO-BOL,Bolívar,,departamento,82352,1594,78915
2021-05-07,CO-BOL,Bolívar,,departamento,82352,1594,78915
2021-05-08,CO-BOL,Bolívar,,departamento,85262,1632,81587
2021-05-09,CO-BOL,Bolívar,,departamento,86005,1643,82467
2021-05-10,CO-BOL,Bolívar,,departamento,86901,1660,83111
2021-05-11,CO-BOL,Bolívar,,departamento,87268,1670,83939
2021-05-12,CO-BOL,Bolívar,,departamento,87688,1691,84373
2021-05-13,CO-BOL,Bolívar,,departamento,88346,1702,84752
2021-05-14,CO-BOL,Bolívar,,departamento,89021,1716,85247
2021-05-15,CO-BOL,Bolívar,,departamento,89909,1733,85731
2021-05-16,CO-BOL,Bolívar,,departamento,90980,1750,86387
2021-05-17,CO-BOL,Bolívar,,departamento,91226,1764,87350
2021-05-18,CO-BOL,Bolívar,,departamento,91904,1783,87588
2021-05-19,CO-BOL,Bolívar,,departamento,92601,1791,88270
2021-05-20,CO-BOL,Bolívar,,departamento,93721,1803,89038
2021-05-21,CO-BOL,Bolívar,,departamento,94680,1815,90084
2021-05-22,CO-BOL,Bolívar,,departamento,95007,1843,91008
2021-05-23,CO-BOL,Bolívar,,departamento,95943,1852,91250
2021-05-24,CO-BOL,Bolívar,,departamento,95943,1852,91250
2021-05-25,CO-BOL,Bolívar,,departamento,95943,1852,91250
2021-05-26,CO-BOL,Bolívar,,departamento,97804,1897,93689
2021-05-27,CO-BOL,Bolívar,,departamento,98609,1920,94122
2021-05-28,CO-BOL,Bolívar,,departamento,99514,1946,95156
2021-05-29,CO-BOL,Bolívar,,departamento,100511,1964,96084
2021-05-30,CO-BOL,Bolívar,,departamento,100788,1981,97093
2021-05-31,CO-BOL,Bolívar,,departamento,101452,1992,97390
2021-06-01,CO-BOL,Bolívar,,departamento,102624,2003,98033
2021-06-02,CO-BOL,Bolívar,,departamento,102624,2003,98033
2021-06-03,CO-BOL,Bolívar,,departamento,105946,2035,101444
2021-06-04,CO-BOL,Bolívar,,departamento,106805,2051,102587
2021-06-05,CO-BOL,Bolívar,,departamento,108119,2067,103386
2021-06-06,CO-BOL,Bolívar,,departamento,109006,2075,104566
2021-06-07,CO-BOL,Bolívar,,departamento,110020,2104,105283
2021-06-08,CO-BOL,Bolívar,,departamento,111008,2125,106282
2021-06-09,CO-BOL,Bolívar,,departamento,111301,2132,107334
2021-06-10,CO-BOL,Bolívar,,departamento,111906,2143,107645
2021-06-11,CO-BOL,Bolívar,,departamento,112993,2161,108216
2021-06-12,CO-BOL,Bolívar,,departamento,114099,2180,109250
2021-06-13,CO-BOL,Bolívar,,departamento,115359,2202,110118
2021-06-14,CO-BOL,Bolívar,,departamento,116701,2221,110969
2021-06-15,CO-BOL,Bolívar,,departamento,117908,2237,112362
2021-06-16,CO-BOL,Bolívar,,departamento,117908,2237,112362
2021-06-17,CO-BOL,Bolívar,,departamento,117908,2237,112362
2021-06-18,CO-BOL,Bolívar,,departamento,121020,2303,115919
2021-06-19,CO-BOL,Bolívar,,departamento,121702,2319,116892
2021-06-20,CO-BOL,Bolívar,,departamento,121954,2333,117539
2021-06-21,CO-BOL,Bolívar,,departamento,122717,2350,117858
2021-06-22,CO-BOL,Bolívar,,departamento,123481,2359,118278
2021-06-23,CO-BOL,Bolívar,,departamento,123481,2359,118278
2021-06-24,CO-BOL,Bolívar,,departamento,125612,2392,120308
2021-06-25,CO-BOL,Bolívar,,departamento,126264,2406,121312
2021-06-26,CO-BOL,Bolívar,,departamento,127391,2425,121938
2021-06-27,CO-BOL,Bolívar,,departamento,128732,2440,122859
2021-06-28,CO-BOL,Bolívar,,departamento,130227,2455,123867
2021-06-29,CO-BOL,Bolívar,,departamento,131043,2482,125349
2021-06-30,CO-BOL,Bolívar,,departamento,131639,2502,126063
2021-07-01,CO-BOL,Bolívar,,departamento,131996,2516,126783
2021-07-02,CO-BOL,Bolívar,,departamento,132539,2527,127254
2021-07-03,CO-BOL,Bolívar,,departamento,133445,2542,127833
2021-07-04,CO-BOL,Bolívar,,departamento,134387,2552,128729
2021-07-05,CO-BOL,Bolívar,,departamento,135604,2560,129568
2021-07-06,CO-BOL,Bolívar,,departamento,137036,2575,130814
2021-07-07,CO-BOL,Bolívar,,departamento,138324,2594,132598
2021-07-08,CO-BOL,Bolívar,,departamento,139085,2608,133359
2021-07-09,CO-BOL,Bolívar,,departamento,140119,2617,134160
2021-07-10,CO-BOL,Bolívar,,departamento,140494,2636,135899
2021-07-11,CO-BOL,Bolívar,,departamento,140879,2656,136140
2021-07-12,CO-BOL,Bolívar,,departamento,141278,2665,136612
2021-07-13,CO-BOL,Bolívar,,departamento,142355,2679,137079
2021-07-14,CO-BOL,Bolívar,,departamento,142355,2679,137079
2021-07-15,CO-BOL,Bolívar,,departamento,143539,2709,138935
2021-07-16,CO-BOL,Bolívar,,departamento,143876,2730,139515
2021-07-17,CO-BOL,Bolívar,,departamento,144431,2734,139781
2021-07-18,CO-BOL,Bolívar,,departamento,144744,2742,140221
2021-07-19,CO-BOL,Bolívar,,departamento,145439,2754,140405
2021-07-20,CO-BOL,Bolívar,,departamento,146549,2761,140957
2021-07-21,CO-BOL,Bolívar,,departamento,147081,2773,141959
2021-07-22,CO-BOL,Bolívar,,departamento,147371,2780,142527
2021-07-23,CO-BOL,Bolívar,,departamento,147824,2794,142881
2021-07-24,CO-BOL,Bolívar,,departamento,148223,2802,143333
2021-07-25,CO-BOL,Bolívar,,departamento,148433,2809,143778
2021-07-26,CO-BOL,Bolívar,,departamento,148879,2812,144068
2021-07-27,CO-BOL,Bolívar,,departamento,149208,2815,144603
2021-07-28,CO-BOL,Bolívar,,departamento,149552,2820,145147
2021-07-29,CO-BOL,Bolívar,,departamento,149886,2824,145609
2021-07-30,CO-BOL,Bolívar,,departamento,150230,2833,145990
2021-07-31,CO-BOL,Bolívar,,departamento,150514,2835,146329
2021-08-01,CO-BOL,Bolívar,,departamento,150697,2846,146592
2021-08-02,CO-BOL,Bolívar,,departamento,151081,2855,146776
2021-08-03,CO-BOL,Bolívar,,departamento,151278,2860,147114
2021-08-04,CO-BOL,Bolívar,,departamento,151536,2867,147331
2021-08-05,CO-BOL,Bolívar,,departamento,151740,2871,147652
2021-08-06,CO-BOL,Bolívar,,departamento,151958,2880,147840
2021-08-07,CO-BOL,Bolívar,,departamento,152196,2888,148049
2021-08-08,CO-BOL,Bolívar,,departamento,152326,2891,148299
2021-08-09,CO-BOL,Bolívar,,departamento,152471,2894,148394
2021-08-10,CO-BOL,Bolívar,,departamento,152580,2896,148619
2021-08-11,CO-BOL,Bolívar,,departamento,152868,2898,148765
2021-08-12,CO-BOL,Bolívar,,departamento,153023,2901,149077
2021-08-13,CO-BOL,Bolívar,,departamento,153160,2903,149207
2021-08-14,CO-BOL,Bolívar,,departamento,153339,2907,149335
2021-08-15,CO-BOL,Bolívar,,departamento,153451,2908,149452
2021-08-16,CO-BOL,Bolívar,,departamento,153532,2910,149573
2021-08-17,CO-BOL,Bolívar,,departamento,153654,2912,149646
2021-08-18,CO-BOL,Bolívar,,departamento,153695,2914,149796
2021-08-19,CO-BOL,Bolívar,,departamento,153752,2915,149854
2021-08-20,CO-BOL,Bolívar,,departamento,153821,2918,149932
2021-08-21,CO-BOL,Bolívar,,departamento,153959,2919,150008
2021-08-22,CO-BOL,Bolívar,,departamento,153959,2919,150008
2021-08-23,CO-BOL,Bolívar,,departamento,154089,2921,150223
2021-08-24,CO-BOL,Bolívar,,departamento,154276,2922,150318
2021-08-25,CO-BOL,Bolívar,,departamento,154337,2923,150471
2021-08-26,CO-BOL,Bolívar,,departamento,154457,2927,150560
2021-08-27,CO-BOL,Bolívar,,departamento,154519,2927,150684
2021-08-28,CO-BOL,Bolívar,,departamento,154547,2928,150735
2021-08-29,CO-BOL,Bolívar,,departamento,154575,2929,150757
2021-08-30,CO-BOL,Bolívar,,departamento,154613,2929,150785
2021-08-31,CO-BOL,Bolívar,,departamento,154738,2929,150810
2021-09-01,CO-BOL,Bolívar,,departamento,154777,2934,150924
2021-09-02,CO-BOL,Bolívar,,departamento,154832,2936,150974
2021-09-03,CO-BOL,Bolívar,,departamento,154904,2937,151018
2021-09-04,CO-BOL,Bolívar,,departamento,154904,2937,151018
2021-09-05,CO-BOL,Bolívar,,departamento,154904,2937,151018
2021-09-06,CO-BOL,Bolívar,,departamento,155098,2941,151230
2021-09-07,CO-BOL,Bolívar,,departamento,155136,2941,151341
2021-09-08,CO-BOL,Bolívar,,departamento,155177,2945,151416
2021-09-09,CO-BOL,Bolívar,,departamento,155249,2946,151462
2021-09-10,CO-BOL,Bolívar,,departamento,155323,2946,151554
2021-09-11,CO-BOL,Bolívar,,departamento,155397,2947,151607
2021-09-12,CO-BOL,Bolívar,,departamento,155428,2949,151692
2021-09-13,CO-BOL,Bolívar,,departamento,155497,2949,151720
2021-09-14,CO-BOL,Bolívar,,departamento,155518,2951,151789
2021-09-15,CO-BOL,Bolívar,,departamento,155542,2952,151825
2021-09-16,CO-BOL,Bolívar,,departamento,155580,2952,151866
2021-09-17,CO-BOL,Bolívar,,departamento,155618,2953,151900
2021-09-18,CO-BOL,Bolívar,,departamento,155665,2956,151934
2021-09-19,CO-BOL,Bolívar,,departamento,155747,2956,151979
2021-09-20,CO-BOL,Bolívar,,departamento,155805,2956,152047
2021-09-21,CO-BOL,Bolívar,,departamento,155805,2956,152047
2021-09-22,CO-BOL,Bolívar,,departamento,155805,2956,152047
2021-09-23,CO-BOL,Bolívar,,departamento,155926,2959,152198
2021-09-24,CO-BOL,Bolívar,,departamento,155926,2959,152198
2021-09-25,CO-BOL,Bolívar,,departamento,155926,2959,152198
2021-09-26,CO-BOL,Bolívar,,departamento,156074,2962,152379
2021-09-27,CO-BOL,Bolívar,,departamento,156074,2962,152379
2021-09-28,CO-BOL,Bolívar,,departamento,156074,2962,152379
2021-09-29,CO-BOL,Bolívar,,departamento,156216,2964,152546
2021-09-30,CO-BOL,Bolívar,,departamento,156216,2964,152546
2021-10-01,CO-BOL,Bolívar,,departamento,156216,2964,152546
2021-10-02,CO-BOL,Bolívar,,departamento,156402,2966,152698
2021-10-03,CO-BOL,Bolívar,,departamento,156402,2966,152698
2021-10-04,CO-BOL,Bolívar,,departamento,156402,2966,152698
2021-10-05,CO-BOL,Bolívar,,departamento,156514,2967,152901
2021-10-06,CO-BOL,Bolívar,,departamento,156514,2967,152901
2021-10-07,CO-BOL,Bolívar,,departamento,156514,2967,152901
2021-10-08,CO-BOL,Bolívar,,departamento,156514,2967,152901
2021-10-09,CO-BOL,Bolívar,,departamento,156723,2969,153079
2021-10-10,CO-BOL,Bolívar,,departamento,156723,2969,153079
2021-10-11,CO-BOL,Bolívar,,departamento,156723,2969,153079
2021-10-12,CO-BOL,Bolívar,,departamento,156723,2969,153079
2021-10-13,CO-BOL,Bolívar,,departamento,156927,2974,153292
2021-10-14,CO-BOL,Bolívar,,departamento,156927,2974,153292
2021-10-15,CO-BOL,Bolívar,,departamento,156927,2974,153292
2021-10-16,CO-BOL,Bolívar,,departamento,157131,2978,153380
2021-10-17,CO-BOL,Bolívar,,departamento,157131,2978,153380
2021-10-18,CO-BOL,Bolívar,,departamento,157131,2978,153380
2021-10-19,CO-BOL,Bolívar,,departamento,157131,2978,153380
2021-10-20,CO-BOL,Bolívar,,departamento,157131,2978,153380
2021-10-21,CO-BOL,Bolívar,,departamento,157356,2983,153697
2021-10-22,CO-BOL,Bolívar,,departamento,157356,2983,153697
2021-10-23,CO-BOL,Bolívar,,departamento,157356,2983,153697
2021-10-24,CO-BOL,Bolívar,,departamento,157356,2983,153697
2021-10-25,CO-BOL,Bolívar,,departamento,157521,2985,153841
2021-10-26,CO-BOL,Bolívar,,departamento,157521,2985,153841
2021-10-27,CO-BOL,Bolívar,,departamento,157521,2985,153841
2021-10-28,CO-BOL,Bolívar,,departamento,157521,2985,153841
2021-10-29,CO-BOL,Bolívar,,departamento,157521,2985,153841
2021-10-30,CO-BOL,Bolívar,,departamento,157521,2985,153841
2021-10-31,CO-BOL,Bolívar,,departamento,157853,2988,154162
2021-11-01,CO-BOL,Bolívar,,departamento,157853,2988,154162
2021-11-02,CO-BOL,Bolívar,,departamento,157853,2988,154162
2021-11-03,CO-BOL,Bolívar,,departamento,157853,2988,154162
2021-11-04,CO-BOL,Bolívar,,departamento,158322,2991,154567
2021-11-05,CO-BOL,Bolívar,,departamento,158322,2991,154567
2021-11-06,CO-BOL,Bolívar,,departamento,158322,2991,154567
2021-11-07,CO-BOL,Bolívar,,departamento,158322,2991,154567
2021-11-08,CO-BOL,Bolívar,,departamento,158652,2996,154915
2021-11-09,CO-BOL,Bolívar,,departamento,158652,2996,154915
2021-11-10,CO-BOL,Bolívar,,departamento,158652,2996,154915
2021-11-11,CO-BOL,Bolívar,,departamento,159064,2998,155286
2021-11-12,CO-BOL,Bolívar,,departamento,159064,2998,155286
2021-11-13,CO-BOL,Bolívar,,departamento,159064,2998,155286
2021-11-14,CO-BOL,Bolívar,,departamento,159064,2998,155286
2021-11-15,CO-BOL,Bolívar,,departamento,159064,2998,155286
2021-11-16,CO-BOL,Bolívar,,departamento,159064,2998,155286
2021-11-17,CO-BOL,Bolívar,,departamento,159064,2998,155286
2021-11-18,CO-BOL,Bolívar,,departamento,159536,3009,155778
2021-11-19,CO-BOL,Bolívar,,departamento,159536,3009,155778
2021-11-20,CO-BOL,Bolívar,,departamento,159536,3009,155778
2021-11-21,CO-BOL,Bolívar,,departamento,159536,3009,155778
2021-11-22,CO-BOL,Bolívar,,departamento,159536,3009,155778
2021-11-23,CO-BOL,Bolívar,,departamento,159536,3009,155778
2021-11-24,CO-BOL,Bolívar,,departamento,159536,3009,155778
2021-11-25,CO-BOL,Bolívar,,departamento,159536,3009,155778
2021-11-26,CO-BOL,Bolívar,,departamento,159536,3009,155778
2021-11-27,CO-BOL,Bolívar,,departamento,159536,3009,155778
2021-11-28,CO-BOL,Bolívar,,departamento,159536,3009,155778
2021-11-29,CO-BOL,Bolívar,,departamento,159536,3009,155778
2021-11-30,CO-BOL,Bolívar,,departamento,159536,3009,155778
2021-12-01,CO-BOL,Bolívar,,departamento,159536,3009,155778
2021-12-02,CO-BOL,Bolívar,,departamento,159536,3009,155778
2021-12-03,CO-BOL,Bolívar,,departamento,159536,3009,155778
2021-12-04,CO-BOL,Bolívar,,departamento,159536,3009,155778
2021-12-05,CO-BOL,Bolívar,,departamento,159536,3009,155778
2021-12-06,CO-BOL,Bolívar,,departamento,159536,3009,155778
2021-12-07,CO-BOL,Bolívar,,departamento,159536,3009,155778
2021-12-08,CO-BOL,Bolívar,,departamento,160899,3036,157264
2021-12-09,CO-BOL,Bolívar,,departamento,160899,3036,157264
2021-12-10,CO-BOL,Bolívar,,departamento,160899,3036,157264
2021-12-11,CO-BOL,Bolívar,,departamento,160899,3036,157264
2021-12-12,CO-BOL,Bolívar,,departamento,161026,3043,157365
2021-12-13,CO-BOL,Bolívar,,departamento,161026,3043,157365
2021-12-14,CO-BOL,Bolívar,,departamento,161026,3043,157365
2021-12-15,CO-BOL,Bolívar,,departamento,161026,3043,157365
2021-12-16,CO-BOL,Bolívar,,departamento,161026,3043,157365
2021-12-17,CO-BOL,Bolívar,,departamento,161026,3043,157365
2021-12-18,CO-BOL,Bolívar,,departamento,161026,3043,157365
2021-12-19,CO-BOL,Bolívar,,departamento,161345,3052,157680
2021-12-20,CO-BOL,Bolívar,,departamento,161345,3052,157680
2021-12-21,CO-BOL,Bolívar,,departamento,161345,3052,157680
2021-12-22,CO-BOL,Bolívar,,departamento,161345,3052,157680
2021-12-23,CO-BOL,Bolívar,,departamento,161345,3052,157680
2021-12-24,CO-BOL,Bolívar,,departamento,161345,3052,157680
2021-12-25,CO-BOL,Bolívar,,departamento,161345,3052,157680
2021-12-26,CO-BOL,Bolívar,,departamento,161345,3052,157680
2021-12-27,CO-BOL,Bolívar,,departamento,161722,3053,158013
2021-12-28,CO-BOL,Bolívar,,departamento,161722,3053,158013
2021-12-29,CO-BOL,Bolívar,,departamento,161722,3053,158013
2021-12-30,CO-BOL,Bolívar,,departamento,161722,3053,158013
2021-12-31,CO-BOL,Bolívar,,departamento,161722,3053,158013
2022-01-01,CO-BOL,Bolívar,,departamento,161722,3053,158013
2022-01-02,CO-BOL,Bolívar,,departamento,162694,3054,158603
2022-01-03,CO-BOL,Bolívar,,departamento,162694,3054,158603
2022-01-04,CO-BOL,Bolívar,,departamento,162694,3054,158603
2022-01-05,CO-BOL,Bolívar,,departamento,162694,3054,158603
2022-01-06,CO-BOL,Bolívar,,departamento,162694,3054,158603
2022-01-07,CO-BOL,Bolívar,,departamento,162694,3054,158603
2022-01-08,CO-BOL,Bolívar,,departamento,162694,3054,158603
2022-01-09,CO-BOL,Bolívar,,departamento,162694,3054,158603
2022-01-10,CO-BOL,Bolívar,,departamento,168579,3059,163128
2022-01-11,CO-BOL,Bolívar,,departamento,168579,3059,163128
2022-01-12,CO-BOL,Bolívar,,departamento,168579,3059,163128
2022-01-13,CO-BOL,Bolívar,,departamento,168579,3059,163128
2022-01-14,CO-BOL,Bolívar,,departamento,168579,3059,163128
2022-01-15,CO-BOL,Bolívar,,departamento,168579,3059,163128
2022-01-16,CO-BOL,Bolívar,,departamento,168579,3059,163128
2022-01-17,CO-BOL,Bolívar,,departamento,183256,3088,175781
2022-01-18,CO-BOL,Bolívar,,departamento,183256,3088,175781
2022-01-19,CO-BOL,Bolívar,,departamento,183256,3088,175781
2022-01-20,CO-BOL,Bolívar,,departamento,183256,3088,175781
2022-01-21,CO-BOL,Bolívar,,departamento,188657,3114,183386
2022-01-22,CO-BOL,Bolívar,,departamento,188657,3114,183386
2022-01-23,CO-BOL,Bolívar,,departamento,188657,3114,183386
2022-01-24,CO-BOL,Bolívar,,departamento,188657,3114,183386
2022-01-25,CO-BOL,Bolívar,,departamento,188657,3114,183386
2022-01-26,CO-BOL,Bolívar,,departamento,192687,3153,188170
2022-01-27,CO-BOL,Bolívar,,departamento,192687,3153,188170
2022-01-28,CO-BOL,Bolívar,,departamento,192687,3153,188170
2022-01-29,CO-BOL,Bolívar,,departamento,192687,3153,188170
2022-01-30,CO-BOL,Bolívar,,departamento,192687,3153,188170
2022-01-31,CO-BOL,Bolívar,,departamento,192687,3153,188170
2022-02-01,CO-BOL,Bolívar,,departamento,192687,3153,188170
2022-02-02,CO-BOL,Bolívar,,departamento,192687,3153,188170
2022-02-03,CO-BOL,Bolívar,,departamento,192687,3153,188170
2022-02-04,CO-BOL,Bolívar,,departamento,192687,3153,188170
2022-02-05,CO-BOL,Bolívar,,departamento,194767,3191,190560
2022-02-06,CO-BOL,Bolívar,,departamento,194767,3191,190560
2022-02-07,CO-BOL,Bolívar,,departamento,194767,3191,190560
2022-02-08,CO-BOL,Bolívar,,departamento,194767,3191,190560
2022-02-09,CO-BOL,Bolívar,,departamento,194767,3191,190560
2022-02-10,CO-BOL,Bolívar,,departamento,194767,3191,190560
2022-02-11,CO-BOL,Bolívar,,departamento,194767,3191,190560
2022-02-12,CO-BOL,Bolívar,,departamento,195960,3219,191968
2022-02-13,CO-BOL,Bolívar,,departamento,195960,3219,191968
2022-02-14,CO-BOL,Bolívar,,departamento,195960,3219,191968
2022-02-15,CO-BOL,Bolívar,,departamento,196093,3228,192148
2022-02-16,CO-BOL,Bolívar,,departamento,196093,3228,192148
2022-02-17,CO-BOL,Bolívar,,departamento,196093,3228,192148
2022-02-18,CO-BOL,Bolívar,,departamento,196093,3228,192148
2022-02-19,CO-BOL,Bolívar,,departamento,196270,3232,192279
2022-02-20,CO-BOL,Bolívar,,departamento,196270,3232,192279
2022-02-21,CO-BOL,Bolívar,,departamento,196270,3232,192279
2022-02-22,CO-BOL,Bolívar,,departamento,196270,3232,192279
2022-02-23,CO-BOL,Bolívar,,departamento,196530,3234,192547
2022-02-24,CO-BOL,Bolívar,,departamento,196530,3234,192547
2022-02-25,CO-BOL,Bolívar,,departamento,196530,3234,192547
2022-02-26,CO-BOL,Bolívar,,departamento,196530,3234,192547
2022-02-27,CO-BOL,Bolívar,,departamento,196614,3235,192653
2022-02-28,CO-BOL,Bolívar,,departamento,196614,3235,192653
2022-03-01,CO-BOL,Bolívar,,departamento,196614,3235,192653
2022-03-02,CO-BOL,Bolívar,,departamento,196614,3235,192653
2022-03-03,CO-BOL,Bolívar,,departamento,196614,3235,192653
2022-03-04,CO-BOL,Bolívar,,departamento,196702,3238,192746
2022-03-05,CO-BOL,Bolívar,,departamento,196702,3238,192746
2022-03-06,CO-BOL,Bolívar,,departamento,196702,3238,192746
2022-03-07,CO-BOL,Bolívar,,departamento,196702,3238,192746
2022-03-08,CO-BOL,Bolívar,,departamento,196702,3238,192746
2022-03-09,CO-BOL,Bolívar,,departamento,196793,3239,192829
2022-03-10,CO-BOL,Bolívar,,departamento,196793,3239,192829
2022-03-11,CO-BOL,Bolívar,,departamento,196793,3239,192829
2022-03-12,CO-BOL,Bolívar,,departamento,196793,3239,192829
2022-03-13,CO-BOL,Bolívar,,departamento,196793,3239,192829
2022-03-14,CO-BOL,Bolívar,,departamento,196893,3239,192928
2022-03-15,CO-BOL,Bolívar,,departamento,196893,3239,192928
2022-03-16,CO-BOL,Bolívar,,departamento,196893,3239,192928
2022-03-17,CO-BOL,Bolívar,,departamento,196893,3239,192928
2022-03-18,CO-BOL,Bolívar,,departamento,196893,3239,192928
2022-03-19,CO-BOL,Bolívar,,departamento,196994,3241,193044
2022-03-20,CO-BOL,Bolívar,,departamento,196994,3241,193044
2022-03-21,CO-BOL,Bolívar,,departamento,196994,3241,193044
2022-03-22,CO-BOL,Bolívar,,departamento,196994,3241,193044
2022-03-23,CO-BOL,Bolívar,,departamento,196994,3241,193044
2022-03-24,CO-BOL,Bolívar,,departamento,197075,3241,193100
2022-03-25,CO-BOL,Bolívar,,departamento,197075,3241,193100
2022-03-26,CO-BOL,Bolívar,,departamento,197075,3241,193100
2022-03-27,CO-BOL,Bolívar,,departamento,197075,3241,193100
2022-03-28,CO-BOL,Bolívar,,departamento,197075,3241,193100
2022-03-29,CO-BOL,Bolívar,,departamento,197085,3241,193143
2022-03-30,CO-BOL,Bolívar,,departamento,197085,3241,193143
2022-03-31,CO-BOL,Bolívar,,departamento,197085,3241,193143
2022-04-01,CO-BOL,Bolívar,,departamento,197085,3241,193143
2022-04-02,CO-BOL,Bolívar,,departamento,197085,3241,193143
2022-04-03,CO-BOL,Bolívar,,departamento,197125,3243,193163
2022-04-04,CO-BOL,Bolívar,,departamento,197125,3243,193163
2022-04-05,CO-BOL,Bolívar,,departamento,197125,3243,193163
2022-04-06,CO-BOL,Bolívar,,departamento,197125,3243,193163
2022-04-07,CO-BOL,Bolívar,,departamento,197125,3243,193163
2022-04-08,CO-BOL,Bolívar,,departamento,197193,3244,193239
2022-04-09,CO-BOL,Bolívar,,departamento,197193,3244,193239
2022-04-10,CO-BOL,Bolívar,,departamento,197193,3244,193239
2022-04-11,CO-BOL,Bolívar,,departamento,197193,3244,193239
2022-04-12,CO-BOL,Bolívar,,departamento,197193,3244,193239
2022-04-13,CO-BOL,Bolívar,,departamento,197232,3244,193272
2022-04-14,CO-BOL,Bolívar,,departamento,197232,3244,193272
2022-04-15,CO-BOL,Bolívar,,departamento,197232,3244,193272
2022-04-16,CO-BOL,Bolívar,,departamento,197232,3244,193272
2022-04-17,CO-BOL,Bolívar,,departamento,197232,3244,193272
2022-04-18,CO-BOL,Bolívar,,departamento,197232,3244,193272
2022-04-19,CO-BOL,Bolívar,,departamento,197247,3244,193288
2022-04-20,CO-BOL,Bolívar,,departamento,197247,3244,193288
2022-04-21,CO-BOL,Bolívar,,departamento,197247,3244,193288
2022-04-22,CO-BOL,Bolívar,,departamento,197247,3244,193288
2022-04-23,CO-BOL,Bolívar,,departamento,197247,3244,193288
2022-04-24,CO-BOL,Bolívar,,departamento,197247,3244,193288
2022-04-25,CO-BOL,Bolívar,,departamento,197332,3244,193355
2022-04-26,CO-BOL,Bolívar,,departamento,197332,3244,193355
2022-04-27,CO-BOL,Bolívar,,departamento,197332,3244,193355
2022-04-28,CO-BOL,Bolívar,,departamento,197332,3244,193355
2022-04-29,CO-BOL,Bolívar,,departamento,197332,3244,193355
2022-04-30,CO-BOL,Bolívar,,departamento,197332,3244,193355
2022-05-01,CO-BOL,Bolívar,,departamento,197365,3244,193404
2022-05-02,CO-BOL,Bolívar,,departamento,197365,3244,193404
2022-05-03,CO-BOL,Bolívar,,departamento,197365,3244,193404
2022-05-04,CO-BOL,Bolívar,,departamento,197365,3244,193404
2022-05-05,CO-BOL,Bolívar,,departamento,197365,3244,193404
2022-05-06,CO-BOL,Bolívar,,departamento,197365,3244,193404
2022-05-07,CO-BOL,Bolívar,,departamento,197365,3244,193404
2022-05-08,CO-BOL,Bolívar,,departamento,197365,3244,193404
2022-05-09,CO-BOL,Bolívar,,departamento,197365,3244,193404
2022-05-10,CO-BOL,Bolívar,,departamento,197365,3244,193404
2022-05-11,CO-BOL,Bolívar,,departamento,197365,3244,193404
2022-05-12,CO-BOL,Bolívar,,departamento,197365,3244,193404
2022-05-13,CO-BOL,Bolívar,,departamento,197365,3244,193404
2022-05-14,CO-BOL,Bolívar,,departamento,197365,3244,193404
2022-05-15,CO-BOL,Bolívar,,departamento,197365,3244,193404
2022-05-16,CO-BOL,Bolívar,,departamento,197365,3244,193404
2022-05-17,CO-BOL,Bolívar,,departamento,197365,3244,193404
2022-05-18,CO-BOL,Bolívar,,departamento,197365,3244,193404
2022-05-19,CO-BOL,Bolívar,,departamento,197365,3244,193404
2022-05-20,CO-BOL,Bolívar,,departamento,197587,3244,193498
2022-05-21,CO-BOL,Bolívar,,departamento,197587,3244,193498
2022-05-22,CO-BOL,Bolívar,,departamento,197587,3244,193498
2022-05-23,CO-BOL,Bolívar,,departamento,197587,3244,193498
2022-05-24,CO-BOL,Bolívar,,departamento,197587,3244,193498
2022-05-25,CO-BOL,Bolívar,,departamento,197587,3244,193498
2022-05-26,CO-BOL,Bolívar,,departamento,197587,3244,193498
2022-05-27,CO-BOL,Bolívar,,departamento,197678,3245,193624
2022-05-28,CO-BOL,Bolívar,,departamento,197678,3245,193624
2022-05-29,CO-BOL,Bolívar,,departamento,197678,3245,193624
2022-05-30,CO-BOL,Bolívar,,departamento,197678,3245,193624
2022-05-31,CO-BOL,Bolívar,,departamento,197678,3245,193624
2022-06-01,CO-BOL,Bolívar,,departamento,197678,3245,193624
2022-06-02,CO-BOL,Bolívar,,departamento,197678,3245,193624
2022-06-03,CO-BOL,Bolívar,,departamento,197752,3245,193713
2022-06-04,CO-BOL,Bolívar,,departamento,197752,3245,193713
2022-06-05,CO-BOL,Bolívar,,departamento,197752,3245,193713
2022-06-06,CO-BOL,Bolívar,,departamento,197752,3245,193713
2022-06-07,CO-BOL,Bolívar,,departamento,197752,3245,193713
2022-06-08,CO-BOL,Bolívar,,departamento,197752,3245,193713
2022-06-09,CO-BOL,Bolívar,,departamento,197752,3245,193713
2022-06-10,CO-BOL,Bolívar,,departamento,197752,3245,193713
2022-06-11,CO-BOL,Bolívar,,departamento,197954,3245,193782
2022-06-12,CO-BOL,Bolívar,,departamento,197954,3245,193782
2022-06-13,CO-BOL,Bolívar,,departamento,197954,3245,193782
2022-06-14,CO-BOL,Bolívar,,departamento,197954,3245,193782
2022-06-15,CO-BOL,Bolívar,,departamento,197954,3245,193782
2022-06-16,CO-BOL,Bolívar,,departamento,197954,3245,193782
2022-06-17,CO-BOL,Bolívar,,departamento,198205,3245,193981
